Threads,Samples,Repetition,Time,Loss,CPI Rate,Effective Physical Core Utilization (%),Memory Bound (%),Cache Bound (%)
1,100,1,0.129439,0.026401,0.429,3,0,0
1,100,2,0.250756,0.035484,0.5,3.6,0,0
1,100,3,0.128935,0.02639,0.5,4.8,0,0
1,100,4,0.128804,0.053753,0.52,5,0,0
1,100,5,0.12844,0.035483,0.5,3.6,0,0
1,1000,1,0.980768,-nan,0.485,5,11.9,10.3
1,1000,2,1.175757,0.020984,0.485,4.8,11.7,10.3
1,1000,3,1.175607,0.026402,0.487,4.9,11.3,10.3
1,1000,4,1.179282,0.026405,0.485,4.9,11.2,10.3
1,1000,5,1.177889,0.026396,0.485,4.9,11.5,10.3
1,10000,1,23.678554,0.026405,0.972,5,2.5,4.8
1,10000,2,23.622951,0.035493,0.975,4.9,2.3,4.4
1,10000,3,23.653332,0.035492,0.975,4.9,2.3,4.4
1,10000,4,23.558992,0.035494,0.976,4.9,2.4,4.5
1,10000,5,23.652075,0.035492,0.983,4.9,3,5.4
1,100000,1,218.666263,-nan,0.98,4.9,2.6,4.5
1,100000,2,235.878183,0.035498,0.982,4.9,2.9,4.5
1,100000,3,237.141025,0.035497,0.98,5,2.7,4.5
1,100000,4,218.586728,-nan,0.982,4.9,3,4.9
1,100000,5,237.010021,0.026414,0.98,4.9,2.7,4.5
5,100,1,0.071222,0.035484,1.567,10.8,0,0
5,100,2,0.062101,0.035484,1.186,7.7,0,0
5,100,3,0.062752,0.026402,1.184,6.5,0,0
5,100,4,0.062254,0.026391,1.179,6.1,10,13.2
5,100,5,0.071827,0.035484,1.171,5.5,21.3,29.7
5,1000,1,0.361103,0.035488,0.737,12.4,15.2,14.2
5,1000,2,0.360741,0.026396,0.731,12.4,15.7,12.1
5,1000,3,0.363136,0.026396,0.737,12.3,15.9,14.2
5,1000,4,0.360707,0.026394,1.225,13.4,6.8,8.8
5,1000,5,0.614132,0.035489,0.739,12,14.4,14.4
5,10000,1,5.867446,0.035492,1.187,15.2,10,8.3
5,10000,2,3.393018,0.035491,1.188,15.3,8.3,8.6
5,10000,3,3.450276,0.035489,1.187,15.2,10.6,8.6
5,10000,4,5.883216,0.026395,1.187,15.2,10.5,8.8
5,10000,5,5.891907,0.035492,1.19,15.1,11.8,7.5
5,100000,1,58.874532,0.035512,1.192,15.2,8.2,9.1
5,100000,2,58.995624,0.035506,1.189,15.2,7.5,9.3
5,100000,3,58.888649,0.035509,1.189,15.3,8.1,9.1
5,100000,4,59.059275,0.026403,1.187,15.2,9.6,8.7
5,100000,5,58.942567,0.035499,1.19,15.2,7.8,9.1
10,100,1,0.083591,0.035484,2,4.7,21.2,15.2
10,100,2,0.090578,0.035483,2,3,36.8,46.8
10,100,3,0.073252,0.035484,1.974,12.1,24.6,44.1
10,100,4,0.088666,0.026402,2.25,11.1,61.7,76.1
10,100,5,0.069892,0.035484,2.351,17.7,25.9,37
10,1000,1,0.218378,0.035489,0.893,19.6,22.4,25.8
10,1000,2,0.226991,0.035489,0.892,22.8,20,26.4
10,1000,3,0.228665,0.026393,1.375,17.2,5.3,10.9
10,1000,4,0.227904,0.026396,0.898,19.8,16.7,18.8
10,1000,5,0.221172,0.026402,0.882,19.4,20.4,27.2
10,10000,1,2.965768,0.026395,0.722,22.6,8.4,14.6
10,10000,2,2.969087,0.035493,1.228,24.1,6.5,10
10,10000,3,2.96483,0.035493,0.723,22.7,10,14.6
10,10000,4,1.728378,0.026405,0.721,22.9,7.1,14.7
10,10000,5,2.963854,0.026395,1.228,23.8,6.9,9.8
10,100000,1,29.608835,0.035515,1.228,24.5,6.9,9.7
10,100000,2,29.615102,0.03551,1.232,24.5,6.6,10.1
10,100000,3,29.684778,0.035501,1.229,24.6,5.8,9.9
10,100000,4,29.631706,0.026395,1.229,24.6,6.8,9.8
10,100000,5,29.582159,0.026408,1.226,24.5,6.9,9.8
20,100,1,0.125593,0.035483,3.409,24.7,56.6,80
20,100,2,0.158069,0.035483,3.636,19.4,46.9,65.2
20,100,3,0.15728,0.035483,3.673,28.6,37.4,44.3
20,100,4,0.150028,0.026402,3.409,23.9,54.8,78.8
20,100,5,0.125428,0.035484,3.485,28.1,54,74.1
20,1000,1,0.193433,0.020992,1.381,28.7,26.6,39.4
20,1000,2,0.25815,0.026396,1.394,28.2,33.6,39.9
20,1000,3,0.194194,0.035489,1.395,23.3,30.3,39.6
20,1000,4,0.191724,0.026396,1.396,39.9,31.6,32.9
20,1000,5,0.212371,0.026394,1.376,30.9,29.5,38.6
20,10000,1,1.559144,0.026406,0.778,42.6,11.9,18.7
20,10000,2,1.56206,0.026396,1.271,44.4,7.1,11.3
20,10000,3,1.5614,0.035492,1.271,43,6.1,11.7
20,10000,4,1.555432,0.035493,1.275,42.7,6.9,11.7
20,10000,5,1.569456,0.026406,1.27,45.8,5.4,11.9
20,100000,1,14.838989,0.035495,1.244,48.6,6.7,10
20,100000,2,21.068267,0.035504,1.245,48.4,6.6,10.2
20,100000,3,14.871156,0.03552,1.243,48.4,6.7,10.2
20,100000,4,14.883926,0.03552,1.243,48.5,6.5,10.1
20,100000,5,14.866405,0.035502,1.241,48.4,6,10.1
40,100,1,0.432136,0.035484,4.575,61.6,43.8,49.5
40,100,2,0.441857,0.035483,4.524,72.1,46.7,52.7
40,100,3,0.444342,0.035484,4.469,70.7,45.5,52.7
40,100,4,0.439323,0.035484,4.452,65.1,40.7,45.8
40,100,5,0.449191,0.035483,4.432,55.8,46.2,50.7
40,1000,1,0.516036,0.035488,3.367,68.3,44.2,47.8
40,1000,2,0.523068,-nan,3.317,72.9,45.3,52.2
40,1000,3,0.53068,0.020988,3.343,73.5,44.5,46.3
40,1000,4,0.541911,0.026404,3.501,72.9,40.7,46.9
40,1000,5,0.515327,0.026405,3.339,80,45.9,48.3
40,10000,1,1.187811,0.035491,1.718,88.4,23.9,24.9
40,10000,2,1.198301,0.026406,1.729,89.6,23.7,25.7
40,10000,3,1.197203,0.026405,1.277,83.3,26.6,32.8
40,10000,4,1.187219,0.035491,1.717,89.6,23.2,24.2
40,10000,5,1.205293,0.026407,1.724,88.9,23.4,24.8
40,100000,1,7.184109,-nan,1.251,96.2,5.2,9.2
40,100000,2,7.721962,0.035507,1.304,94.6,8,12
40,100000,3,7.719341,0.035515,1.301,96.2,7.7,11.8
40,100000,4,7.708053,0.035505,1.303,94.8,7.7,11.8
40,100000,5,7.712277,0.026403,1.301,95.3,7.6,11.9